Id,count
1,11
2,11
3,13
4,14
5,16
6,16
7,17
8,21
9,23
10,27
11,33
12,40
13,49
14,49
15,57
16,67
17,66
18,75
19,68
20,75
21,78
22,83
23,84
24,94
25,8
26,9
27,9
28,9
29,9
30,16
31,19
32,21
33,25
34,27
35,31
36,39
37,56
38,64
39,65
40,65
41,72
42,75
43,77
44,85
45,88
46,86
47,86
48,100
49,8
50,10
51,11
52,13
53,12
54,16
55,18
56,20
57,24
58,27
59,32
60,37
61,47
62,53
63,63
64,72
65,84
66,73
67,81
68,74
69,89
70,93
71,82
72,7
73,8
74,8
75,9
76,13
77,14
78,17
79,17
80,22
81,30
82,35
83,45
84,50
85,63
86,70
87,79
88,84
89,86
90,96
91,93
92,101
93,105
94,106
95,9
96,9
97,11
98,12
99,13
100,15
101,17
102,20
103,25
104,27
105,29
106,35
107,39
108,41
109,53
110,53
111,53
112,52
113,63
114,63
115,67
116,73
117,83
118,7
119,8
120,9
121,10
122,11
123,13
124,14
125,15
126,22
127,27
128,30
129,38
130,42
131,59
132,70
133,78
134,81
135,83
136,66
137,71
138,78
139,87
140,95
141,8
142,10
143,10
144,10
145,11
146,13
147,14
148,16
149,16
150,18
151,20
152,22
153,24
154,27
155,29
156,32
157,54
158,60
159,52
160,58
161,58
162,64
163,71
164,71
165,7
166,8
167,9
168,10
169,11
170,12
171,12
172,13
173,15
174,17
175,17
176,19
177,21
178,31
179,30
180,39
181,46
182,50
183,55
184,65
185,66
186,90
187,105
188,10
189,11
190,12
191,13
192,12
193,17
194,20
195,24
196,26
197,26
198,29
199,35
200,43
201,44
202,44
203,57
204,65
205,59
206,65
207,64
208,71
209,69
210,77
211,7
212,8
213,9
214,8
215,9
216,11
217,13
218,15
219,18
220,21
221,27
222,49
223,45
224,51
225,63
226,69
227,75
228,68
229,76
230,83
231,81
232,89
233,105
234,9
235,10
236,11
237,12
238,14
239,14
240,14
241,16
242,19
243,21
244,24
245,26
246,34
247,35
248,41
249,41
250,49
251,49
252,58
253,80
254,67
255,76
256,83
257,88
258,17
259,17
260,19
261,20
262,22
263,23
264,23
265,28
266,34
267,43
268,59
269,67
270,79
271,97
272,108
273,116
274,120
275,121
276,134
277,138
278,126
279,129
280,132
281,16
282,18
283,20
284,22
285,23
286,31
287,49
288,54
289,30
290,33
291,36
292,40
293,39
294,33
295,41
296,50
297,47
298,54
299,45
300,50
301,60
302,72
303,74
304,82
305,11
306,12
307,14
308,17
309,21
310,27
311,34
312,41
313,46
314,57
315,59
316,65
317,77
318,81
319,91
320,101
321,108
322,120
323,9
324,11
325,12
326,13
327,16
328,18
329,19
330,21
331,27
332,38
333,43
334,55
335,73
336,82
337,99
338,110
339,121
340,128
341,124
342,81
343,110
344,122
345,118
346,11
347,11
348,11
349,12
350,14
351,15
352,16
353,20
354,20
355,26
356,40
357,51
358,61
359,75
360,79
361,73
362,68
363,53
364,53
365,60
366,72
367,80
368,78
369,7
370,7
371,8
372,10
373,12
374,14
375,14
376,18
377,19
378,27
379,48
380,69
381,76
382,97
383,124
384,78
385,92
386,96
387,97
388,115
389,120
390,124
391,136
392,12
393,14
394,14
395,16
396,17
397,17
398,21
399,24
400,27
401,32
402,42
403,51
404,57
405,69
406,83
407,91
408,93
409,108
410,110
411,112
412,108
413,102
414,96
415,106
416,8
417,9
418,10
419,11
420,11
421,15
422,16
423,19
424,22
425,27
426,43
427,60
428,74
429,87
430,106
431,122
432,107
433,115
434,124
435,136
436,132
437,142
438,147
439,12
440,9
441,10
442,13
443,14
444,16
445,17
446,29
447,47
448,59
449,65
450,38
451,37
452,41
453,43
454,48
455,63
456,84
457,92
458,89
459,75
460,96
461,20
462,20
463,22
464,22
465,23
466,24
467,27
468,28
469,35
470,44
471,56
472,71
473,80
474,99
475,121
476,133
477,148
478,166
479,169
480,156
481,165
482,157
483,172
484,170
485,13
486,13
487,15
488,16
489,17
490,20
491,19
492,21
493,26
494,39
495,48
496,49
497,73
498,86
499,104
500,107
501,117
502,110
503,173
504,163
505,99
506,120
507,128
508,12
509,10
510,13
511,18
512,19
513,19
514,22
515,27
516,41
517,48
518,57
519,68
520,81
521,97
522,116
523,124
524,133
525,147
526,152
527,141
528,161
529,169
530,169
531,187
532,12
533,12
534,13
535,15
536,15
537,18
538,17
539,21
540,26
541,30
542,30
543,33
544,36
545,43
546,56
547,70
548,78
549,76
550,84
551,82
552,68
553,82
554,91
555,8
556,8
557,9
558,9
559,10
560,13
561,15
562,14
563,15
564,19
565,21
566,30
567,40
568,46
569,49
570,55
571,65
572,67
573,84
574,104
575,100
576,102
577,111
578,117
579,12
580,11
581,12
582,13
583,13
584,15
585,16
586,24
587,31
588,36
589,40
590,54
591,64
592,75
593,99
594,97
595,109
596,115
597,119
598,137
599,142
600,159
601,172
602,182
603,19
604,21
605,20
606,20
607,25
608,23
609,24
610,29
611,37
612,44
613,51
614,62
615,73
616,88
617,107
618,121
619,146
620,151
621,174
622,127
623,140
624,150
625,180
626,183
627,18
628,16
629,17
630,14
631,14
632,14
633,15
634,25
635,35
636,38
637,49
638,61
639,79
640,95
641,106
642,117
643,138
644,141
645,162
646,158
647,158
648,174
649,186
650,13
651,17
652,18
653,20
654,23
655,30
656,36
657,38
658,44
659,53
660,61
661,70
662,88
663,105
664,115
665,131
666,145
667,163
668,169
669,196
670,222
671,229
672,237
673,20
674,20
675,23
676,25
677,22
678,28
679,30
680,33
681,41
682,56
683,66
684,78
685,86
686,94
687,109
688,134
689,152
690,177
691,174
692,181
693,212
694,167
695,167
696,158
697,15
698,22
699,18
700,23
701,23
702,24
703,30
704,37
705,38
706,45
707,51
708,57
709,63
710,73
711,80
712,45
713,46
714,44
715,50
716,56
717,57
718,65
719,70
720,77
721,7
722,8
723,8
724,10
725,11
726,12
727,13
728,15
729,15
730,19
731,21
732,25
733,27
734,35
735,38
736,42
737,48
738,54
739,59
740,65
741,62
742,69
743,78
744,73
745,12
746,12
747,13
748,14
749,14
750,18
751,21
752,22
753,60
754,73
755,65
756,72
757,132
758,146
759,188
760,221
761,244
762,259
763,315
764,315
765,322
766,354
767,357
768,408
769,32
770,31
771,37
772,34
773,34
774,38
775,39
776,50
777,52
778,58
779,70
780,82
781,94
782,122
783,140
784,173
785,194
786,190
787,231
788,229
789,227
790,194
791,236
792,236
793,15
794,19
795,22
796,24
797,26
798,28
799,32
800,35
801,39
802,37
803,43
804,43
805,40
806,39
807,43
808,48
809,52
810,51
811,56
812,62
813,75
814,74
815,74
816,95
817,9
818,10
819,11
820,12
821,14
822,15
823,17
824,19
825,22
826,30
827,38
828,45
829,64
830,70
831,92
832,120
833,129
834,144
835,131
836,134
837,130
838,161
839,197
840,171
841,17
842,17
843,19
844,19
845,21
846,23
847,22
848,25
849,34
850,45
851,61
852,90
853,106
854,136
855,162
856,148
857,229
858,173
859,168
860,139
861,154
862,127
863,129
864,139
865,11
866,13
867,15
868,15
869,17
870,17
871,20
872,24
873,35
874,45
875,65
876,73
877,82
878,110
879,148
880,172
881,183
882,198
883,207
884,220
885,226
886,212
887,217
888,204
889,25
890,26
891,22
892,21
893,26
894,26
895,30
896,38
897,42
898,62
899,75
900,92
901,113
902,151
903,145
904,150
905,174
906,177
907,190
908,174
909,189
910,183
911,170
912,190
913,18
914,21
915,21
916,23
917,22
918,24
919,28
920,34
921,39
922,44
923,54
924,66
925,78
926,83
927,106
928,148
929,147
930,119
931,132
932,150
933,153
934,151
935,167
936,186
937,22
938,22
939,25
940,30
941,30
942,33
943,42
944,47
945,53
946,44
947,49
948,60
949,73
950,74
951,83
952,124
953,110
954,211
955,233
956,267
957,249
958,248
959,272
960,320
961,32
962,29
963,23
964,27
965,35
966,41
967,52
968,61
969,75
970,84
971,94
972,125
973,120
974,133
975,182
976,154
977,163
978,169
979,179
980,161
981,197
982,200
983,185
984,217
985,24
986,26
987,29
988,31
989,35
990,41
991,40
992,49
993,53
994,67
995,88
996,103
997,119
998,138
999,149
1000,170
1001,198
1002,191
1003,204
1004,226
1005,161
1006,178
1007,182
1008,201
1009,13
1010,12
1011,14
1012,15
1013,19
1014,21
1015,26
1016,37
1017,48
1018,57
1019,69
1020,82
1021,113
1022,125
1023,146
1024,151
1025,172
1026,184
1027,205
1028,171
1029,190
1030,203
1031,185
1032,211
1033,20
1034,23
1035,27
1036,24
1037,24
1038,26
1039,34
1040,46
1041,60
1042,80
1043,90
1044,116
1045,129
1046,160
1047,191
1048,219
1049,261
1050,268
1051,275
1052,298
1053,238
1054,272
1055,261
1056,229
1057,18
1058,18
1059,19
1060,19
1061,20
1062,23
1063,29
1064,37
1065,59
1066,72
1067,86
1068,126
1069,148
1070,143
1071,120
1072,156
1073,178
1074,221
1075,217
1076,238
1077,238
1078,229
1079,203
1080,214
1081,17
1082,19
1083,20
1084,20
1085,21
1086,24
1087,24
1088,31
1089,41
1090,46
1091,75
1092,95
1093,105
1094,150
1095,161
1096,174
1097,183
1098,183
1099,184
1100,200
1101,162
1102,164
1103,159
1104,193
1105,15
1106,17
1107,19
1108,21
1109,27
1110,28
1111,30
1112,46
1113,46
1114,64
1115,98
1116,126
1117,166
1118,179
1119,200
1120,190
1121,144
1122,185
1123,185
1124,181
1125,194
1126,190
1127,174
1128,261
1129,20
1130,21
1131,18
1132,19
1133,21
1134,28
1135,29
1136,50
1137,63
1138,75
1139,91
1140,121
1141,132
1142,146
1143,163
1144,200
1145,214
1146,232
1147,230
1148,230
1149,256
1150,234
1151,269
1152,262
1153,25
1154,28
1155,25
1156,24
1157,26
1158,29
1159,25
1160,35
1161,50
1162,79
1163,83
1164,108
1165,150
1166,193
1167,213
1168,247
1169,259
1170,289
1171,324
1172,337
1173,277
1174,291
1175,294
1176,331
1177,30
1178,41
1179,41
1180,40
1181,41
1182,50
1183,49
1184,53
1185,62
1186,83
1187,115
1188,126
1189,143
1190,143
1191,174
1192,219
1193,219
1194,228
1195,227
1196,155
1197,191
1198,168
1199,207
1200,187
1201,20
1202,22
1203,22
1204,27
1205,30
1206,33
1207,41
1208,47
1209,58
1210,73
1211,99
1212,110
1213,141
1214,149
1215,176
1216,203
1217,237
1218,255
1219,250
1220,244
1221,273
1222,254
1223,252
1224,242
1225,23
1226,23
1227,25
1228,28
1229,30
1230,29
1231,38
1232,43
1233,47
1234,47
1235,69
1236,78
1237,109
1238,136
1239,155
1240,173
1241,190
1242,210
1243,218
1244,239
1245,227
1246,221
1247,204
1248,227
1249,18
1250,19
1251,22
1252,24
1253,26
1254,28
1255,32
1256,34
1257,45
1258,78
1259,136
1260,150
1261,197
1262,220
1263,263
1264,315
1265,352
1266,359
1267,390
1268,205
1269,300
1270,282
1271,295
1272,261
1273,26
1274,24
1275,22
1276,22
1277,33
1278,37
1279,46
1280,70
1281,95
1282,116
1283,134
1284,168
1285,194
1286,260
1287,274
1288,318
1289,348
1290,301
1291,330
1292,275
1293,304
1294,307
1295,307
1296,290
1297,23
1298,21
1299,24
1300,25
1301,28
1302,35
1303,41
1304,36
1305,43
1306,59
1307,65
1308,69
1309,92
1310,110
1311,133
1312,149
1313,186
1314,207
1315,224
1316,217
1317,226
1318,224
1319,249
1320,254
1321,23
1322,25
1323,25
1324,27
1325,26
1326,29
1327,33
1328,30
1329,41
1330,48
1331,58
1332,68
1333,97
1334,129
1335,159
1336,197
1337,229
1338,221
1339,217
1340,217
1341,244
1342,258
1343,243
1344,289
1345,24
1346,26
1347,28
1348,32
1349,30
1350,30
1351,39
1352,52
1353,68
1354,71
1355,92
1356,100
1357,151
1358,183
1359,210
1360,225
1361,249
1362,272
1363,280
1364,325
1365,237
1366,246
1367,263
1368,293
1369,29
1370,34
1371,38
1372,41
1373,39
1374,51
1375,56
1376,61
1377,73
1378,80
1379,99
1380,113
1381,127
1382,145
1383,157
1384,205
1385,186
1386,186
1387,212
1388,230
1389,223
1390,244
1391,269
1392,307
1393,25
1394,26
1395,29
1396,30
1397,33
1398,31
1399,41
1400,46
1401,66
1402,89
1403,150
1404,176
1405,183
1406,214
1407,211
1408,293
1409,313
1410,290
1411,326
1412,326
1413,327
1414,342
1415,362
1416,387
1417,44
1418,46
1419,50
1420,51
1421,56
1422,56
1423,69
1424,78
1425,105
1426,122
1427,133
1428,149
1429,181
1430,200
1431,212
1432,214
1433,276
1434,293
1435,303
1436,333
1437,346
1438,352
1439,416
1440,435
1441,37
1442,43
1443,44
1444,43
1445,47
1446,51
1447,56
1448,66
1449,80
1450,95
1451,127
1452,145
1453,175
1454,183
1455,212
1456,224
1457,263
1458,276
1459,300
1460,314
1461,334
1462,338
1463,383
1464,417
1465,26
1466,25
1467,27
1468,31
1469,30
1470,35
1471,43
1472,53
1473,61
1474,92
1475,106
1476,103
1477,125
1478,140
1479,148
1480,172
1481,199
1482,222
1483,243
1484,249
1485,241
1486,258
1487,261
1488,289
1489,24
1490,28
1491,30
1492,34
1493,38
1494,38
1495,42
1496,50
1497,61
1498,79
1499,137
1500,156
1501,188
1502,197
1503,249
1504,268
1505,305
1506,277
1507,295
1508,286
1509,261
1510,306
1511,293
1512,322
1513,26
1514,29
1515,28
1516,30
1517,33
1518,36
1519,55
1520,80
1521,98
1522,118
1523,136
1524,164
1525,184
1526,235
1527,249
1528,286
1529,343
1530,402
1531,397
1532,387
1533,392
1534,409
1535,415
1536,425
1537,38
1538,40
1539,41
1540,43
1541,39
1542,45
1543,56
1544,65
1545,95
1546,113
1547,128
1548,151
1549,179
1550,206
1551,242
1552,290
1553,323
1554,365
1555,368
1556,365
1557,403
1558,407
1559,413
1560,372
1561,26
1562,28
1563,31
1564,36
1565,37
1566,42
1567,42
1568,54
1569,74
1570,87
1571,99
1572,141
1573,167
1574,211
1575,255
1576,281
1577,269
1578,311
1579,347
1580,343
1581,333
1582,390
1583,390
1584,382
1585,36
1586,34
1587,38
1588,43
1589,43
1590,48
1591,53
1592,61
1593,78
1594,107
1595,135
1596,184
1597,232
1598,254
1599,314
1600,339
1601,409
1602,462
1603,458
1604,414
1605,399
1606,414
1607,451
1608,457
1609,52
1610,50
1611,47
1612,53
1613,54
1614,53
1615,66
1616,93
1617,120
1618,143
1619,196
1620,215
1621,281
1622,314
1623,391
1624,401
1625,387
1626,376
1627,466
1628,442
1629,405
1630,427
1631,527
1632,492
1633,56
1634,66
1635,70
1636,63
1637,66
1638,76
1639,104
1640,114
1641,151
1642,162
1643,207
1644,256
1645,301
1646,345
1647,349
1648,401
1649,462
1650,511
1651,561
1652,384
1653,443
1654,490
1655,505
1656,543
1657,53
1658,52
1659,63
1660,70
1661,70
1662,77
1663,94
1664,110
1665,137
1666,157
1667,198
1668,199
1669,272
1670,264
1671,293
1672,385
1673,425
1674,456
1675,476
1676,474
1677,493
1678,436
1679,417
1680,416
1681,36
1682,39
1683,38
1684,42
1685,44
1686,49
1687,54
1688,62
1689,78
1690,112
1691,138
1692,170
1693,188
1694,129
1695,130
1696,136
1697,143
1698,181
1699,213
1700,243
1701,256
1702,221
1703,244
1704,278
1705,29
1706,32
1707,29
1708,32
1709,37
1710,36
1711,50
1712,79
1713,100
1714,140
1715,184
1716,199
1717,234
1718,268
1719,313
1720,374
1721,361
1722,408
1723,422
1724,426
1725,431
1726,438
1727,418
1728,450
1729,49
1730,58
1731,61
1732,56
1733,69
1734,73
1735,79
1736,99
1737,121
1738,149
1739,162
1740,190
1741,241
1742,282
1743,307
1744,365
1745,387
1746,416
1747,429
1748,450
1749,396
1750,391
1751,417
1752,498
1753,44
1754,48
1755,52
1756,56
1757,56
1758,59
1759,60
1760,72
1761,88
1762,119
1763,148
1764,182
1765,203
1766,246
1767,253
1768,291
1769,324
1770,329
1771,362
1772,367
1773,371
1774,381
1775,371
1776,384
1777,33
1778,36
1779,38
1780,43
1781,45
1782,48
1783,53
1784,65
1785,81
1786,165
1787,217
1788,264
1789,326
1790,310
1791,397
1792,443
1793,510
1794,549
1795,548
1796,528
1797,543
1798,497
1799,519
1800,498
1801,51
1802,55
1803,61
1804,60
1805,62
1806,68
1807,75
1808,94
1809,120
1810,170
1811,197
1812,228
1813,258
1814,302
1815,355
1816,408
1817,479
1818,495
1819,538
1820,445
1821,498
1822,507
1823,496
1824,506
1825,50
1826,48
1827,51
1828,55
1829,56
1830,63
1831,71
1832,95
1833,117
1834,144
1835,205
1836,256
1837,319
1838,351
1839,392
1840,495
1841,553
1842,598
1843,483
1844,412
1845,456
1846,456
1847,392
1848,449
1849,22
1850,28
1851,34
1852,38
1853,32
1854,40
1855,46
1856,51
1857,77
1858,96
1859,122
1860,135
1861,160
1862,191
1863,258
1864,303
1865,321
1866,349
1867,323
1868,312
1869,348
1870,341
1871,337
1872,371
1873,37
1874,36
1875,39
1876,39
1877,46
1878,44
1879,48
1880,64
1881,78
1882,99
1883,114
1884,174
1885,211
1886,229
1887,147
1888,150
1889,183
1890,201
1891,230
1892,282
1893,265
1894,293
1895,314
1896,375
1897,29
1898,31
1899,44
1900,49
1901,54
1902,61
1903,71
1904,79
1905,88
1906,108
1907,136
1908,189
1909,211
1910,256
1911,277
1912,298
1913,339
1914,384
1915,413
1916,427
1917,418
1918,433
1919,495
1920,514
1921,48
1922,42
1923,43
1924,49
1925,48
1926,53
1927,56
1928,89
1929,91
1930,111
1931,143
1932,171
1933,175
1934,229
1935,252
1936,274
1937,304
1938,335
1939,367
1940,303
1941,322
1942,309
1943,356
1944,362
1945,38
1946,39
1947,34
1948,38
1949,38
1950,42
1951,45
1952,68
1953,71
1954,82
1955,119
1956,145
1957,164
1958,208
1959,230
1960,257
1961,273
1962,296
1963,298
1964,330
1965,338
1966,353
1967,368
1968,365
1969,33
1970,41
1971,45
1972,44
1973,45
1974,47
1975,51
1976,63
1977,78
1978,95
1979,115
1980,89
1981,98
1982,115
1983,139
1984,164
1985,153
1986,170
1987,193
1988,201
1989,220
1990,238
1991,217
1992,247
1993,24
1994,26
1995,27
1996,28
1997,32
1998,34
1999,39
2000,48
2001,58
2002,80
2003,110
2004,128
2005,141
2006,179
2007,206
2008,239
2009,235
2010,214
2011,225
2012,225
2013,248
2014,281
2015,305
2016,294
2017,31
2018,35
2019,40
2020,44
2021,49
2022,55
2023,61
2024,69
2025,74
2026,86
2027,104
2028,83
2029,106
2030,113
2031,114
2032,126
2033,138
2034,169
2035,57
2036,65
2037,92
2038,140
2039,151
2040,192
2041,237
2042,284
2043,308
2044,393
2045,374
2046,380
2047,369
2048,415
2049,342
2050,323
2051,326
2052,29
2053,34
2054,38
2055,41
2056,42
2057,43
2058,47
2059,76
2060,92
2061,108
2062,130
2063,141
2064,167
2065,189
2066,203
2067,236
2068,270
2069,270
2070,294
2071,326
2072,319
2073,356
2074,363
2075,367
2076,26
2077,30
2078,30
2079,35
2080,35
2081,37
2082,46
2083,57
2084,89
2085,113
2086,152
2087,178
2088,185
2089,219
2090,254
2091,278
2092,293
2093,302
2094,307
2095,297
2096,320
2097,283
2098,321
2099,355
2100,30
2101,33
2102,30
2103,31
2104,37
2105,35
2106,42
2107,52
2108,70
2109,80
2110,135
2111,163
2112,183
2113,213
2114,228
2115,252
2116,278
2117,285
2118,296
2119,451
2120,302
2121,311
2122,288
2123,270
2124,26
2125,22
2126,25
2127,30
2128,31
2129,34
2130,38
2131,42
2132,43
2133,47
2134,58
2135,64
2136,66
2137,72
2138,92
2139,125
2140,124
2141,136
2142,150
2143,145
2144,142
2145,157
2146,174
2147,192
2148,16
2149,20
2150,22
2151,25
2152,25
2153,28
2154,32
2155,35
2156,38
2157,43
2158,58
2159,77
2160,93
2161,118
2162,132
2163,142
2164,157
2165,175
2166,156
2167,131
2168,145
2169,140
2170,180
2171,196
2172,19
2173,20
2174,23
2175,25
2176,28
2177,31
2178,31
2179,34
2180,38
2181,51
2182,66
2183,72
2184,92
2185,102
2186,114
2187,140
2188,165
2189,159
2190,155
2191,157
2192,154
2193,192
2194,161
2195,200
2196,19
2197,17
2198,19
2199,21
2200,23
2201,31
2202,35
2203,39
2204,43
2205,41
2206,45
2207,50
2208,64
2209,59
2210,66
2211,87
2212,93
2213,88
2214,98
2215,135
2216,135
2217,140
2218,174
2219,182
2220,19
2221,23
2222,25
2223,28
2224,31
2225,34
2226,37
2227,45
2228,50
2229,57
2230,63
2231,80
2232,89
2233,107
2234,138
2235,152
2236,148
2237,187
2238,184
2239,160
2240,196
2241,223
2242,214
2243,236
2244,22
2245,25
2246,23
2247,26
2248,30
2249,39
2250,42
2251,41
2252,52
2253,64
2254,71
2255,94
2256,99
2257,124
2258,122
2259,135
2260,186
2261,188
2262,208
2263,186
2264,203
2265,180
2266,224
2267,219
2268,18
2269,24
2270,26
2271,25
2272,29
2273,35
2274,35
2275,38
2276,42
2277,57
2278,63
2279,93
2280,100
2281,127
2282,146
2283,191
2284,192
2285,196
2286,162
2287,181
2288,173
2289,191
2290,185
2291,205
2292,20
2293,22
2294,24
2295,25
2296,28
2297,32
2298,36
2299,40
2300,50
2301,56
2302,56
2303,70
2304,79
2305,129
2306,121
2307,125
2308,135
2309,133
2310,144
2311,155
2312,199
2313,193
2314,199
2315,220
2316,20
2317,23
2318,27
2319,25
2320,31
2321,29
2322,34
2323,38
2324,45
2325,50
2326,52
2327,79
2328,96
2329,133
2330,181
2331,161
2332,182
2333,203
2334,167
2335,184
2336,187
2337,185
2338,199
2339,194
2340,19
2341,18
2342,20
2343,25
2344,33
2345,35
2346,39
2347,44
2348,52
2349,71
2350,97
2351,113
2352,129
2353,143
2354,197
2355,244
2356,283
2357,273
2358,320
2359,296
2360,312
2361,279
2362,251
2363,235
2364,21
2365,25
2366,25
2367,28
2368,32
2369,36
2370,40
2371,44
2372,54
2373,67
2374,92
2375,120
2376,136
2377,182
2378,199
2379,212
2380,219
2381,240
2382,256
2383,248
2384,274
2385,273
2386,315
2387,349
2388,21
2389,26
2390,30
2391,33
2392,37
2393,38
2394,40
2395,47
2396,64
2397,72
2398,89
2399,111
2400,135
2401,165
2402,165
2403,169
2404,187
2405,212
2406,212
2407,242
2408,261
2409,281
2410,313
2411,296
2412,26
2413,29
2414,28
2415,26
2416,30
2417,30
2418,36
2419,40
2420,58
2421,69
2422,92
2423,121
2424,137
2425,141
2426,181
2427,184
2428,202
2429,189
2430,194
2431,224
2432,235
2433,236
2434,277
2435,269
2436,28
2437,31
2438,35
2439,38
2440,38
2441,41
2442,40
2443,42
2444,53
2445,66
2446,81
2447,89
2448,114
2449,152
2450,165
2451,177
2452,218
2453,192
2454,205
2455,183
2456,196
2457,184
2458,203
2459,199
2460,17
2461,19
2462,20
2463,23
2464,25
2465,27
2466,30
2467,34
2468,39
2469,55
2470,69
2471,83
2472,121
2473,144
2474,161
2475,183
2476,195
2477,183
2478,200
2479,164
2480,194
2481,215
2482,215
2483,242
2484,20
2485,21
2486,21
2487,25
2488,27
2489,27
2490,32
2491,31
2492,41
2493,51
2494,60
2495,80
2496,95
2497,119
2498,131
2499,159
2500,162
2501,161
2502,203
2503,140
2504,164
2505,164
2506,227
2507,231
2508,22
2509,24
2510,24
2511,23
2512,26
2513,28
2514,34
2515,43
2516,51
2517,83
2518,102
2519,123
2520,164
2521,195
2522,198
2523,219
2524,249
2525,267
2526,258
2527,191
2528,199
2529,200
2530,250
2531,244
2532,24
2533,29
2534,31
2535,36
2536,36
2537,40
2538,44
2539,48
2540,58
2541,73
2542,89
2543,107
2544,134
2545,125
2546,99
2547,110
2548,125
2549,139
2550,158
2551,150
2552,152
2553,201
2554,182
2555,202
2556,17
2557,19
2558,20
2559,22
2560,28
2561,32
2562,39
2563,35
2564,45
2565,57
2566,57
2567,62
2568,69
2569,78
2570,91
2571,104
2572,145
2573,162
2574,186
2575,193
2576,211
2577,246
2578,213
2579,240
2580,21
2581,22
2582,25
2583,25
2584,30
2585,35
2586,36
2587,40
2588,49
2589,58
2590,66
2591,86
2592,117
2593,128
2594,121
2595,139
2596,147
2597,152
2598,163
2599,186
2600,168
2601,159
2602,160
2603,160
2604,14
2605,17
2606,19
2607,23
2608,26
2609,21
2610,26
2611,29
2612,34
2613,38
2614,36
2615,40
2616,48
2617,53
2618,58
2619,56
2620,62
2621,69
2622,76
2623,98
2624,109
2625,120
2626,127
2627,143
2628,13
2629,15
2630,17
2631,23
2632,22
2633,28
2634,31
2635,35
2636,43
2637,56
2638,68
2639,91
2640,114
2641,146
2642,178
2643,203
2644,233
2645,236
2646,218
2647,325
2648,204
2649,191
2650,180
2651,156
2652,13
2653,16
2654,16
2655,17
2656,20
2657,19
2658,24
2659,25
2660,32
2661,44
2662,69
2663,96
2664,123
2665,139
2666,147
2667,161
2668,156
2669,171
2670,152
2671,168
2672,185
2673,160
2674,177
2675,196
2676,27
2677,34
2678,37
2679,39
2680,40
2681,48
2682,53
2683,59
2684,62
2685,68
2686,73
2687,102
2688,114
2689,143
2690,151
2691,151
2692,176
2693,198
2694,223
2695,200
2696,243
2697,219
2698,198
2699,219
2700,17
2701,20
2702,20
2703,21
2704,24
2705,25
2706,27
2707,37
2708,39
2709,47
2710,63
2711,72
2712,85
2713,94
2714,95
2715,82
2716,91
2717,100
2718,117
2719,115
2720,142
2721,154
2722,169
2723,188
2724,15
2725,18
2726,17
2727,19
2728,24
2729,26
2730,29
2731,33
2732,37
2733,39
2734,43
2735,50
2736,50
2737,57
2738,63
2739,77
2740,85
2741,89
2742,96
2743,123
2744,131
2745,147
2746,186
2747,202
2748,19
2749,22
2750,25
2751,28
2752,35
2753,31
2754,28
2755,34
2756,42
2757,51
2758,57
2759,91
2760,126
2761,134
2762,144
2763,156
2764,150
2765,135
2766,198
2767,206
2768,191
2769,227
2770,228
2771,245
2772,24
2773,28
2774,28
2775,28
2776,34
2777,38
2778,42
2779,35
2780,49
2781,59
2782,74
2783,126
2784,156
2785,186
2786,224
2787,244
2788,261
2789,268
2790,209
2791,212
2792,154
2793,183
2794,203
2795,204
2796,19
2797,21
2798,19
2799,23
2800,27
2801,29
2802,28
2803,32
2804,35
2805,46
2806,59
2807,78
2808,118
2809,158
2810,197
2811,225
2812,229
2813,267
2814,238
2815,172
2816,216
2817,180
2818,193
2819,199
2820,21
2821,22
2822,22
2823,25
2824,27
2825,33
2826,36
2827,31
2828,46
2829,53
2830,56
2831,91
2832,122
2833,159
2834,171
2835,211
2836,205
2837,227
2838,191
2839,175
2840,235
2841,172
2842,207
2843,209
2844,20
2845,22
2846,24
2847,24
2848,27
2849,31
2850,40
2851,42
2852,53
2853,75
2854,83
2855,114
2856,146
2857,148
2858,282
2859,295
2860,237
2861,235
2862,218
2863,224
2864,274
2865,279
2866,285
2867,315
2868,25
2869,28
2870,28
2871,32
2872,30
2873,38
2874,38
2875,38
2876,51
2877,68
2878,91
2879,123
2880,142
2881,184
2882,175
2883,189
2884,229
2885,221
2886,207
2887,228
2888,236
2889,223
2890,249
2891,23
2892,27
2893,25
2894,28
2895,39
2896,38
2897,47
2898,56
2899,66
2900,81
2901,89
2902,69
2903,76
2904,87
2905,71
2906,91
2907,97
2908,111
2909,132
2910,148
2911,144
2912,159
2913,195
2914,215
2915,26
2916,25
2917,25
2918,28
2919,27
2920,26
2921,26
2922,31
2923,36
2924,46
2925,62
2926,97
2927,95
2928,140
2929,155
2930,146
2931,160
2932,159
2933,179
2934,170
2935,188
2936,225
2937,224
2938,253
2939,28
2940,33
2941,31
2942,35
2943,45
2944,47
2945,52
2946,53
2947,75
2948,61
2949,90
2950,90
2951,118
2952,131
2953,135
2954,153
2955,172
2956,167
2957,170
2958,177
2959,190
2960,210
2961,229
2962,277
2963,25
2964,31
2965,32
2966,35
2967,39
2968,39
2969,38
2970,42
2971,42
2972,59
2973,85
2974,94
2975,90
2976,86
2977,115
2978,128
2979,108
2980,120
2981,133
2982,178
2983,199
2984,238
2985,261
2986,283
2987,29
2988,24
2989,35
2990,46
2991,36
2992,39
2993,38
2994,38
2995,47
2996,55
2997,68
2998,84
2999,136
3000,130
3001,144
3002,174
3003,176
3004,187
3005,217
3006,233
3007,216
3008,239
3009,175
3010,225
3011,23
3012,25
3013,24
3014,27
3015,31
3016,32
3017,47
3018,51
3019,64
3020,84
3021,100
3022,121
3023,145
3024,167
3025,172
3026,181
3027,208
3028,197
3029,224
3030,231
3031,223
3032,239
3033,251
3034,279
3035,27
3036,32
3037,36
3038,37
3039,43
3040,48
3041,45
3042,55
3043,57
3044,99
3045,114
3046,134
3047,154
3048,167
3049,184
3050,198
3051,214
3052,208
3053,252
3054,241
3055,232
3056,252
3057,295
3058,291
3059,27
3060,25
3061,27
3062,31
3063,34
3064,38
3065,41
3066,43
3067,46
3068,58
3069,82
3070,84
3071,104
3072,136
3073,152
3074,184
3075,182
3076,174
3077,235
3078,288
3079,275
3080,269
3081,276
3082,20
3083,32
3084,46
3085,57
3086,69
3087,70
3088,77
3089,86
3090,94
3091,116
3092,123
3093,145
3094,184
3095,206
3096,222
3097,212
3098,213
3099,221
3100,187
3101,236
3102,200
3103,221
3104,239
3105,22
3106,25
3107,28
3108,37
3109,39
3110,43
3111,50
3112,54
3113,59
3114,66
3115,74
3116,81
3117,70
3118,70
3119,115
3120,128
3121,131
3122,130
3123,150
3124,141
3125,139
3126,168
3127,186
3128,180
3129,20
3130,26
3131,36
3132,39
3133,52
3134,57
3135,63
3136,70
3137,79
3138,88
3139,123
3140,132
3141,157
3142,169
3143,197
3144,211
3145,215
3146,223
3147,229
3148,251
3149,257
3150,290
3151,318
3152,29
3153,32
3154,33
3155,34
3156,38
3157,43
3158,46
3159,44
3160,51
3161,55
3162,63
3163,77
3164,94
3165,114
3166,133
3167,147
3168,164
3169,159
3170,187
3171,211
3172,193
3173,225
3174,238
3175,275
3176,24
3177,28
3178,27
3179,30
3180,33
3181,34
3182,40
3183,42
3184,46
3185,54
3186,74
3187,84
3188,107
3189,129
3190,173
3191,204
3192,229
3193,213
3194,190
3195,251
3196,213
3197,244
3198,241
3199,296
3200,38
3201,43
3202,48
3203,53
3204,50
3205,46
3206,60
3207,57
3208,56
3209,72
3210,86
3211,106
3212,230
3213,251
3214,217
3215,267
3216,261
3217,252
3218,274
3219,311
3220,344
3221,344
3222,341
3223,331
3224,19
3225,22
3226,25
3227,25
3228,23
3229,26
3230,29
3231,28
3232,33
3233,48
3234,55
3235,70
3236,74
3237,90
3238,94
3239,104
3240,107
3241,136
3242,137
3243,146
3244,168
3245,178
3246,194
3247,130
3248,13
3249,10
3250,12
3251,12
3252,15
3253,17
3254,16
3255,18
3256,21
3257,23
3258,25
3259,34
3260,42
3261,46
3262,50
3263,55
3264,62
3265,70
3266,84
3267,81
3268,90
3269,108
3270,120
3271,116
3272,11
3273,14
3274,15
3275,18
3276,16
3277,20
3278,22
3279,25
3280,27
3281,30
3282,33
3283,34
3284,38
3285,43
3286,47
3287,51
3288,56
3289,64
3290,64
3291,71
3292,78
3293,87
3294,90
3295,97
3296,10
3297,11
3298,12
3299,14
3300,17
3301,17
3302,19
3303,21
3304,22
3305,26
3306,26
3307,28
3308,34
3309,37
3310,40
3311,40
3312,51
3313,54
3314,62
3315,71
3316,71
3317,79
3318,88
3319,113
3320,10
3321,12
3322,14
3323,16
3324,15
3325,17
3326,21
3327,24
3328,27
3329,32
3330,33
3331,41
3332,45
3333,50
3334,64
3335,90
3336,100
3337,119
3338,137
3339,190
3340,117
3341,148
3342,133
3343,158
3344,10
3345,17
3346,18
3347,18
3348,22
3349,24
3350,25
3351,26
3352,32
3353,35
3354,40
3355,55
3356,74
3357,87
3358,98
3359,117
3360,113
3361,129
3362,112
3363,151
3364,147
3365,147
3366,163
3367,172
3368,14
3369,16
3370,17
3371,19
3372,22
3373,25
3374,24
3375,27
3376,30
3377,34
3378,37
3379,38
3380,49
3381,68
3382,80
3383,92
3384,98
3385,108
3386,120
3387,123
3388,126
3389,151
3390,150
3391,164
3392,17
3393,17
3394,17
3395,20
3396,20
3397,25
3398,26
3399,28
3400,42
3401,46
3402,40
3403,49
3404,61
3405,116
3406,139
3407,147
3408,164
3409,180
3410,187
3411,173
3412,171
3413,193
3414,224
3415,242
3416,23
3417,26
3418,24
3419,26
3420,28
3421,24
3422,30
3423,30
3424,29
3425,34
3426,46
3427,67
3428,70
3429,87
3430,129
3431,151
3432,182
3433,203
3434,223
3435,270
3436,303
3437,313
3438,304
3439,340
3440,30
3441,37
3442,40
3443,41
3444,42
3445,32
3446,43
3447,49
3448,50
3449,53
3450,73
3451,98
3452,119
3453,131
3454,147
3455,178
3456,217
3457,240
3458,238
3459,233
3460,213
3461,262
3462,334
3463,317
3464,33
3465,19
3466,24
3467,26
3468,26
3469,29
3470,38
3471,42
3472,42
3473,47
3474,60
3475,70
3476,86
3477,107
3478,141
3479,154
3480,174
3481,210
3482,217
3483,165
3484,197
3485,208
3486,203
3487,181
3488,20
3489,27
3490,30
3491,32
3492,33
3493,36
3494,37
3495,36
3496,39
3497,53
3498,57
3499,106
3500,108
3501,142
3502,192
3503,246
3504,272
3505,298
3506,333
3507,314
3508,183
3509,341
3510,354
3511,370
3512,11
3513,12
3514,14
3515,17
3516,29
3517,36
3518,37
3519,38
3520,42
3521,52
3522,67
3523,81
3524,98
3525,123
3526,142
3527,182
3528,225
3529,192
3530,212
3531,239
3532,228
3533,232
3534,280
3535,17
3536,21
3537,21
3538,24
3539,24
3540,24
3541,33
3542,32
3543,32
3544,40
3545,47
3546,70
3547,94
3548,93
3549,115
3550,141
3551,193
3552,214
3553,184
3554,176
3555,173
3556,165
3557,189
3558,18
3559,19
3560,23
3561,23
3562,26
3563,29
3564,29
3565,32
3566,35
3567,44
3568,49
3569,60
3570,83
3571,107
3572,124
3573,218
3574,260
3575,268
3576,236
3577,239
3578,238
3579,354
3580,297
3581,373
3582,32
3583,30
3584,31
3585,31
3586,29
3587,33
3588,27
3589,33
3590,32
3591,40
3592,64
3593,106
3594,130
3595,153
3596,183
3597,207
3598,230
3599,260
3600,264
3601,262
3602,256
3603,255
3604,272
3605,278
3606,26
3607,28
3608,24
3609,24
3610,24
3611,27
3612,30
3613,40
3614,44
3615,39
3616,43
3617,49
3618,64
3619,78
3620,98
3621,75
3622,82
3623,83
3624,90
3625,116
3626,209
3627,374
3628,363
3629,402
3630,32
3631,33
3632,34
3633,36
3634,42
3635,46
3636,51
3637,54
3638,52
3639,36
3640,55
3641,96
3642,128
3643,135
3644,152
3645,166
3646,196
3647,182
3648,226
3649,203
3650,242
3651,231
3652,248
3653,259
3654,25
3655,26
3656,29
3657,34
3658,37
3659,39
3660,43
3661,41
3662,46
3663,56
3664,72
3665,84
3666,99
3667,117
3668,144
3669,165
3670,184
3671,207
3672,207
3673,233
3674,222
3675,226
3676,261
3677,217
3678,18
3679,19
3680,19
3681,19
3682,18
3683,20
3684,28
3685,35
3686,37
3687,46
3688,71
3689,86
3690,122
3691,124
3692,167
3693,249
3694,283
3695,323
3696,327
3697,337
3698,338
3699,338
3700,319
3701,304
3702,28
3703,26
3704,32
3705,54
3706,40
3707,45
3708,45
3709,48
3710,49
3711,60
3712,71
3713,93
3714,108
3715,125
3716,161
3717,189
3718,203
3719,231
3720,254
3721,275
3722,290
3723,222
3724,245
3725,233
3726,23
3727,27
3728,25
3729,22
3730,25
3731,28
3732,27
3733,34
3734,36
3735,39
3736,39
3737,43
3738,52
3739,58
3740,85
3741,91
3742,93
3743,97
3744,112
3745,127
3746,140
3747,146
3748,162
3749,27
3750,24
3751,28
3752,29
3753,33
3754,32
3755,37
3756,42
3757,49
3758,57
3759,65
3760,81
3761,107
3762,116
3763,139
3764,165
3765,200
3766,192
3767,229
3768,211
3769,248
3770,240
3771,242
3772,238
3773,20
3774,25
3775,25
3776,28
3777,31
3778,34
3779,34
3780,37
3781,40
3782,52
3783,64
3784,71
3785,84
3786,85
3787,104
3788,115
3789,144
3790,189
3791,204
3792,249
3793,199
3794,199
3795,217
3796,258
3797,23
3798,25
3799,28
3800,31
3801,24
3802,27
3803,30
3804,33
3805,42
3806,46
3807,47
3808,57
3809,76
3810,102
3811,133
3812,166
3813,195
3814,221
3815,245
3816,272
3817,259
3818,234
3819,235
3820,252
3821,24
3822,23
3823,27
3824,29
3825,28
3826,30
3827,36
3828,39
3829,43
3830,51
3831,62
3832,98
3833,143
3834,190
3835,238
3836,266
3837,297
3838,328
3839,341
3840,341
3841,386
3842,384
3843,370
3844,367
3845,34
3846,34
3847,35
3848,39
3849,38
3850,42
3851,47
3852,46
3853,48
3854,63
3855,66
3856,65
3857,74
3858,83
3859,103
3860,103
3861,110
3862,130
3863,123
3864,133
3865,133
3866,147
3867,165
3868,204
3869,19
3870,19
3871,21
3872,26
3873,29
3874,28
3875,31
3876,38
3877,42
3878,46
3879,58
3880,56
3881,62
3882,76
3883,87
3884,97
3885,128
3886,162
3887,179
3888,209
3889,206
3890,223
3891,220
3892,252
3893,22
3894,25
3895,25
3896,30
3897,32
3898,38
3899,38
3900,50
3901,65
3902,95
3903,144
3904,166
3905,175
3906,216
3907,209
3908,258
3909,305
3910,312
3911,324
3912,348
3913,381
3914,409
3915,387
3916,413
3917,40
3918,42
3919,37
3920,42
3921,44
3922,44
3923,49
3924,54
3925,60
3926,66
3927,81
3928,103
3929,118
3930,140
3931,190
3932,221
3933,244
3934,296
3935,321
3936,345
3937,393
3938,285
3939,313
3940,352
3941,33
3942,33
3943,33
3944,41
3945,48
3946,53
3947,57
3948,62
3949,78
3950,96
3951,120
3952,138
3953,167
3954,180
3955,259
3956,266
3957,264
3958,237
3959,262
3960,312
3961,357
3962,319
3963,310
3964,313
3965,31
3966,39
3967,85
3968,83
3969,74
3970,69
3971,58
3972,75
3973,90
3974,101
3975,111
3976,134
3977,159
3978,152
3979,186
3980,222
3981,254
3982,278
3983,285
3984,304
3985,332
3986,324
3987,347
3988,369
3989,35
3990,35
3991,34
3992,31
3993,40
3994,38
3995,45
3996,49
3997,47
3998,62
3999,70
4000,82
4001,93
4002,111
4003,116
4004,132
4005,138
4006,152
4007,196
4008,188
4009,204
4010,204
4011,194
4012,216
4013,21
4014,26
4015,30
4016,31
4017,40
4018,37
4019,33
4020,36
4021,41
4022,60
4023,65
4024,85
4025,101
4026,142
4027,144
4028,177
4029,179
4030,190
4031,184
4032,201
4033,205
4034,227
4035,237
4036,219
4037,28
4038,25
4039,24
4040,26
4041,26
4042,28
4043,34
4044,34
4045,39
4046,50
4047,72
4048,97
4049,144
4050,213
4051,236
4052,247
4053,287
4054,311
4055,327
4056,335
4057,305
4058,272
4059,302
4060,294
4061,30
4062,33
4063,36
4064,37
4065,41
4066,45
4067,50
4068,56
4069,65
4070,76
4071,127
4072,150
4073,175
4074,204
4075,272
4076,336
4077,352
4078,484
4079,414
4080,248
4081,205
4082,233
4083,249
4084,262
4085,25
4086,28
4087,37
4088,32
4089,38
4090,43
4091,53
4092,53
4093,51
4094,57
4095,62
4096,63
4097,71
4098,85
4099,87
4100,98
4101,110
4102,97
4103,107
4104,132
4105,133
4106,160
4107,169
4108,212
4109,19
4110,17
4111,19
4112,23
4113,25
4114,27
4115,30
4116,33
4117,41
4118,46
4119,57
4120,62
4121,69
4122,83
4123,103
4124,116
4125,84
4126,91
4127,107
4128,130
4129,141
4130,144
4131,176
4132,193
4133,18
4134,19
4135,21
4136,23
4137,29
4138,32
4139,36
4140,45
4141,55
4142,92
4143,103
4144,158
4145,186
4146,213
4147,249
4148,287
4149,296
4150,364
4151,366
4152,438
4153,460
4154,417
4155,401
4156,409
4157,40
4158,41
4159,30
4160,28
4161,34
4162,37
4163,42
4164,43
4165,45
4166,77
4167,134
4168,159
4169,202
4170,234
4171,286
4172,321
4173,402
4174,440
4175,484
4176,521
4177,480
4178,326
4179,340
4180,382
4181,29
4182,42
4183,42
4184,46
4185,48
4186,51
4187,59
4188,48
4189,51
4190,51
4191,53
4192,59
4193,83
4194,91
4195,117
4196,119
4197,128
4198,159
4199,175
4200,195
4201,217
4202,215
4203,233
4204,232
4205,36
4206,42
4207,44
4208,56
4209,58
4210,67
4211,70
4212,69
4213,72
4214,105
4215,127
4216,137
4217,163
4218,190
4219,206
4220,281
4221,288
4222,369
4223,386
4224,405
4225,383
4226,400
4227,393
4228,408
4229,39
4230,37
4231,44
4232,43
4233,48
4234,55
4235,60
4236,65
4237,92
4238,101
4239,113
4240,122
4241,125
4242,156
4243,184
4244,203
4245,236
4246,238
4247,221
4248,159
4249,201
4250,199
4251,218
4252,242
4253,20
4254,22
4255,23
4256,25
4257,28
4258,31
4259,33
4260,37
4261,55
4262,67
4263,80
4264,117
4265,153
4266,172
4267,231
4268,263
4269,391
4270,456
4271,507
4272,405
4273,461
4274,384
4275,412
4276,360
4277,25
4278,25
4279,31
4280,31
4281,42
4282,47
4283,66
4284,69
4285,85
4286,93
4287,109
4288,117
4289,125
4290,137
4291,150
4292,170
4293,194
4294,213
4295,236
4296,241
4297,272
4298,301
4299,350
4300,394
4301,50
4302,53
4303,58
4304,61
4305,54
4306,55
4307,70
4308,76
4309,106
4310,206
4311,227
4312,246
4313,281
4314,303
4315,348
4316,371
4317,403
4318,423
4319,427
4320,393
4321,435
4322,410
4323,407
4324,398
4325,28
4326,32
4327,30
4328,38
4329,41
4330,45
4331,50
4332,56
4333,61
4334,67
4335,78
4336,94
4337,107
4338,116
4339,126
4340,180
4341,203
4342,245
4343,240
4344,289
4345,314
4346,340
4347,349
4348,406
4349,31
4350,32
4351,36
4352,39
4353,40
4354,44
4355,48
4356,53
4357,60
4358,75
4359,92
4360,99
4361,117
4362,139
4363,159
4364,232
4365,250
4366,316
4367,308
4368,302
4369,308
4370,296
4371,347
4372,385
4373,35
4374,34
4375,38
4376,46
4377,44
4378,45
4379,49
4380,58
4381,65
4382,83
4383,96
4384,115
4385,142
4386,149
4387,195
4388,224
4389,251
4390,225
4391,249
4392,218
4393,236
4394,254
4395,296
4396,318
4397,30
4398,30
4399,33
4400,37
4401,42
4402,46
4403,51
4404,63
4405,86
4406,96
4407,122
4408,140
4409,181
4410,224
4411,257
4412,287
4413,327
4414,354
4415,390
4416,373
4417,338
4418,294
4419,323
4420,361
4421,32
4422,35
4423,37
4424,38
4425,41
4426,47
4427,52
4428,59
4429,65
4430,73
4431,108
4432,118
4433,172
4434,204
4435,240
4436,271
4437,351
4438,340
4439,366
4440,388
4441,375
4442,410
4443,370
4444,390
4445,36
4446,39
4447,40
4448,43
4449,48
4450,61
4451,60
4452,65
4453,89
4454,91
4455,121
4456,152
4457,203
4458,236
4459,264
4460,297
4461,384
4462,426
4463,447
4464,405
4465,507
4466,503
4467,467
4468,517
4469,49
4470,51
4471,55
4472,60
4473,54
4474,60
4475,66
4476,66
4477,82
4478,97
4479,132
4480,178
4481,205
4482,259
4483,292
4484,357
4485,395
4486,458
4487,442
4488,473
4489,510
4490,426
4491,308
4492,355
4493,34
4494,42
4495,41
4496,54
4497,54
4498,59
4499,74
4500,74
4501,97
4502,129
4503,143
4504,163
4505,203
4506,269
4507,298
4508,368
4509,411
4510,450
4511,461
4512,526
4513,508
4514,511
4515,484
4516,502
4517,42
4518,47
4519,45
4520,56
4521,58
4522,64
4523,71
4524,78
4525,103
4526,127
4527,147
4528,189
4529,257
4530,312
4531,348
4532,398
4533,455
4534,500
4535,524
4536,501
4537,438
4538,257
4539,266
4540,252
4541,29
4542,33
4543,31
4544,39
4545,44
4546,59
4547,63
4548,71
4549,87
4550,106
4551,121
4552,143
4553,190
4554,219
4555,289
4556,289
4557,322
4558,366
4559,414
4560,417
4561,300
4562,449
4563,404
4564,473
4565,43
4566,47
4567,55
4568,57
4569,61
4570,73
4571,73
4572,97
4573,122
4574,158
4575,212
4576,242
4577,260
4578,292
4579,360
4580,400
4581,440
4582,483
4583,529
4584,544
4585,501
4586,554
4587,544
4588,578
4589,43
4590,45
4591,44
4592,48
4593,53
4594,58
4595,55
4596,61
4597,94
4598,115
4599,218
4600,265
4601,309
4602,341
4603,431
4604,491
4605,561
4606,583
4607,645
4608,727
4609,749
4610,715
4611,768
4612,677
4613,49
4614,48
4615,53
4616,61
4617,56
4618,63
4619,68
4620,76
4621,108
4622,179
4623,224
4624,283
4625,371
4626,386
4627,411
4628,529
4629,545
4630,529
4631,583
4632,692
4633,682
4634,647
4635,618
4636,688
4637,52
4638,57
4639,53
4640,59
4641,80
4642,86
4643,93
4644,120
4645,141
4646,158
4647,213
4648,231
4649,278
4650,380
4651,420
4652,530
4653,579
4654,479
4655,439
4656,477
4657,528
4658,406
4659,415
4660,391
4661,34
4662,45
4663,44
4664,47
4665,53
4666,60
4667,65
4668,73
4669,115
4670,153
4671,188
4672,233
4673,302
4674,382
4675,398
4676,519
4677,586
4678,636
4679,713
4680,728
4681,736
4682,751
4683,751
4684,723
4685,64
4686,67
4687,75
4688,67
4689,72
4690,77
4691,91
4692,94
4693,130
4694,164
4695,222
4696,256
4697,334
4698,377
4699,467
4700,536
4701,563
4702,604
4703,646
4704,661
4705,622
4706,594
4707,613
4708,649
4709,57
4710,56
4711,58
4712,64
4713,58
4714,68
4715,67
4716,85
4717,101
4718,126
4719,176
4720,261
4721,250
4722,247
4723,325
4724,401
4725,496
4726,604
4727,613
4728,659
4729,691
4730,690
4731,784
4732,799
4733,78
4734,85
4735,68
4736,71
4737,79
4738,83
4739,85
4740,95
4741,117
4742,143
4743,194
4744,236
4745,273
4746,334
4747,369
4748,434
4749,485
4750,523
4751,568
4752,602
4753,638
4754,644
4755,702
4756,669
4757,67
4758,71
4759,60
4760,71
4761,104
4762,111
4763,102
4764,139
4765,153
4766,178
4767,209
4768,272
4769,313
4770,384
4771,435
4772,496
4773,565
4774,614
4775,634
4776,659
4777,658
4778,652
4779,667
4780,642
4781,58
4782,59
4783,71
4784,78
4785,71
4786,86
4787,95
4788,97
4789,132
4790,148
4791,187
4792,285
4793,362
4794,417
4795,470
4796,520
4797,586
4798,657
4799,680
4800,712
4801,716
4802,544
4803,622
4804,681
4805,67
4806,72
4807,72
4808,80
4809,76
4810,88
4811,98
4812,108
4813,137
4814,161
4815,312
4816,333
4817,399
4818,454
4819,554
4820,572
4821,632
4822,789
4823,765
4824,721
4825,902
4826,727
4827,680
4828,751
4829,33
4830,37
4831,39
4832,43
4833,41
4834,56
4835,62
4836,69
4837,76
4838,84
4839,344
4840,380
4841,421
4842,465
4843,514
4844,569
4845,641
4846,651
4847,679
4848,668
4849,654
4850,723
4851,648
4852,700
4853,32
4854,37
4855,40
4856,44
4857,50
4858,55
4859,62
4860,69
4861,90
4862,111
4863,124
4864,156
4865,133
4866,145
4867,171
4868,199
4869,213
4870,203
4871,263
4872,252
4873,284
4874,306
4875,329
4876,374
4877,40
4878,44
4879,42
4880,47
4881,52
4882,57
4883,63
4884,71
4885,84
4886,91
4887,95
4888,118
4889,127
4890,138
4891,144
4892,158
4893,171
4894,188
4895,212
4896,232
4897,254
4898,284
4899,309
4900,330
4901,33
4902,37
4903,41
4904,45
4905,49
4906,54
4907,70
4908,75
4909,93
4910,124
4911,128
4912,141
4913,183
4914,216
4915,255
4916,282
4917,322
4918,369
4919,401
4920,405
4921,409
4922,413
4923,505
4924,484
4925,33
4926,38
4927,37
4928,41
4929,47
4930,52
4931,66
4932,86
4933,108
4934,132
4935,179
4936,242
4937,267
4938,290
4939,294
4940,364
4941,426
4942,471
4943,548
4944,563
4945,491
4946,548
4947,571
4948,587
4949,49
4950,48
4951,47
4952,52
4953,57
4954,63
4955,70
4956,101
4957,128
4958,212
4959,239
4960,284
4961,281
4962,344
4963,371
4964,425
4965,417
4966,473
4967,424
4968,445
4969,450
4970,507
4971,566
4972,699
4973,66
4974,68
4975,71
4976,72
4977,77
4978,83
4979,93
4980,138
4981,174
4982,217
4983,220
4984,266
4985,295
4986,365
4987,425
4988,436
4989,525
4990,535
4991,654
4992,621
4993,606
4994,615
4995,560
4996,640
4997,52
4998,59
4999,62
5000,68
5001,69
5002,76
5003,79
5004,105
5005,114
5006,133
5007,159
5008,229
5009,307
5010,372
5011,485
5012,605
5013,713
5014,692
5015,834
5016,823
5017,754
5018,812
5019,897
5020,554
5021,52
5022,60
5023,57
5024,68
5025,66
5026,68
5027,81
5028,113
5029,141
5030,233
5031,245
5032,300
5033,334
5034,361
5035,426
5036,489
5037,480
5038,609
5039,565
5040,594
5041,541
5042,598
5043,668
5044,619
5045,68
5046,65
5047,70
5048,78
5049,78
5050,80
5051,103
5052,122
5053,149
5054,197
5055,267
5056,339
5057,375
5058,448
5059,492
5060,611
5061,596
5062,568
5063,656
5064,296
5065,331
5066,377
5067,417
5068,429
5069,38
5070,47
5071,61
5072,75
5073,80
5074,75
5075,91
5076,114
5077,141
5078,175
5079,179
5080,243
5081,278
5082,356
5083,397
5084,450
5085,498
5086,590
5087,641
5088,535
5089,492
5090,502
5091,518
5092,554
5093,49
5094,53
5095,55
5096,51
5097,56
5098,64
5099,72
5100,94
5101,117
5102,134
5103,168
5104,227
5105,230
5106,320
5107,360
5108,402
5109,449
5110,421
5111,471
5112,595
5113,427
5114,467
5115,470
5116,522
5117,44
5118,43
5119,48
5120,52
5121,58
5122,66
5123,63
5124,87
5125,105
5126,136
5127,154
5128,205
5129,280
5130,314
5131,347
5132,302
5133,364
5134,441
5135,460
5136,444
5137,389
5138,375
5139,454
5140,399
5141,35
5142,40
5143,44
5144,44
5145,53
5146,57
5147,72
5148,83
5149,98
5150,115
5151,130
5152,161
5153,186
5154,235
5155,287
5156,326
5157,361
5158,368
5159,261
5160,284
5161,292
5162,290
5163,316
5164,350
5165,35
5166,39
5167,41
5168,41
5169,45
5170,55
5171,62
5172,81
5173,90
5174,117
5175,155
5176,196
5177,248
5178,297
5179,364
5180,391
5181,433
5182,424
5183,439
5184,294
5185,333
5186,369
5187,369
5188,367
5189,37
5190,44
5191,49
5192,54
5193,52
5194,64
5195,79
5196,81
5197,102
5198,132
5199,165
5200,197
5201,236
5202,291
5203,336
5204,359
5205,357
5206,395
5207,351
5208,304
5209,355
5210,370
5211,409
5212,370
5213,40
5214,40
5215,44
5216,50
5217,54
5218,60
5219,59
5220,75
5221,103
5222,126
5223,184
5224,237
5225,297
5226,370
5227,356
5228,383
5229,402
5230,473
5231,484
5232,489
5233,455
5234,508
5235,531
5236,490
5237,48
5238,49
5239,60
5240,60
5241,66
5242,67
5243,66
5244,81
5245,101
5246,155
5247,206
5248,236
5249,271
5250,341
5251,359
5252,356
5253,394
5254,415
5255,396
5256,448
5257,441
5258,507
5259,533
5260,522
5261,64
5262,61
5263,62
5264,75
5265,82
5266,85
5267,85
5268,95
5269,120
5270,149
5271,181
5272,222
5273,273
5274,317
5275,248
5276,245
5277,273
5278,305
5279,378
5280,328
5281,318
5282,373
5283,412
5284,436
5285,40
5286,43
5287,48
5288,53
5289,58
5290,65
5291,73
5292,80
5293,118
5294,130
5295,205
5296,225
5297,214
5298,190
5299,157
5300,179
5301,198
5302,221
5303,231
5304,262
5305,293
5306,351
5307,344
5308,421
5309,36
5310,37
5311,42
5312,46
5313,55
5314,55
5315,61
5316,79
5317,90
5318,101
5319,153
5320,195
5321,223
5322,279
5323,361
5324,401
5325,438
5326,517
5327,512
5328,416
5329,456
5330,473
5331,426
5332,467
5333,47
5334,45
5335,55
5336,49
5337,61
5338,66
5339,65
5340,81
5341,90
5342,121
5343,186
5344,250
5345,315
5346,383
5347,462
5348,520
5349,573
5350,607
5351,595
5352,558
5353,577
5354,635
5355,605
5356,621
5357,49
5358,55
5359,56
5360,61
5361,70
5362,77
5363,85
5364,106
5365,132
5366,182
5367,215
5368,230
5369,292
5370,304
5371,367
5372,420
5373,463
5374,560
5375,529
5376,477
5377,460
5378,532
5379,569
5380,603
5381,48
5382,56
5383,54
5384,60
5385,66
5386,73
5387,69
5388,92
5389,119
5390,155
5391,188
5392,272
5393,284
5394,298
5395,333
5396,419
5397,484
5398,625
5399,614
5400,550
5401,528
5402,512
5403,483
5404,535
5405,44
5406,49
5407,45
5408,49
5409,53
5410,60
5411,65
5412,70
5413,113
5414,144
5415,190
5416,398
5417,446
5418,514
5419,585
5420,661
5421,721
5422,698
5423,725
5424,613
5425,678
5426,628
5427,694
5428,663
5429,41
5430,39
5431,43
5432,41
5433,47
5434,53
5435,56
5436,62
5437,89
5438,123
5439,155
5440,224
5441,258
5442,283
5443,305
5444,339
5445,370
5446,399
5447,404
5448,362
5449,356
5450,401
5451,366
5452,435
5453,41
5454,42
5455,46
5456,47
5457,51
5458,52
5459,64
5460,71
5461,90
5462,115
5463,163
5464,198
5465,223
5466,266
5467,306
5468,331
5469,363
5470,382
5471,383
5472,386
5473,394
5474,405
5475,440
5476,507
5477,54
5478,47
5479,46
5480,56
5481,62
5482,69
5483,76
5484,92
5485,122
5486,146
5487,182
5488,234
5489,285
5490,337
5491,393
5492,434
5493,451
5494,499
5495,518
5496,509
5497,608
5498,600
5499,648
5500,793
5501,91
5502,69
5503,75
5504,71
5505,75
5506,79
5507,81
5508,96
5509,121
5510,145
5511,183
5512,206
5513,227
5514,327
5515,365
5516,439
5517,501
5518,448
5519,451
5520,445
5521,492
5522,483
5523,523
5524,487
5525,40
5526,41
5527,47
5528,54
5529,53
5530,63
5531,74
5532,76
5533,108
5534,130
5535,156
5536,211
5537,248
5538,346
5539,354
5540,385
5541,406
5542,415
5543,409
5544,421
5545,382
5546,418
5547,476
5548,403
5549,37
5550,37
5551,37
5552,44
5553,49
5554,49
5555,59
5556,65
5557,88
5558,129
5559,159
5560,228
5561,264
5562,274
5563,350
5564,404
5565,424
5566,467
5567,489
5568,477
5569,488
5570,539
5571,593
5572,665
5573,50
5574,56
5575,60
5576,67
5577,63
5578,69
5579,73
5580,75
5581,96
5582,135
5583,131
5584,183
5585,208
5586,249
5587,337
5588,374
5589,430
5590,457
5591,494
5592,473
5593,398
5594,467
5595,457
5596,431
5597,41
5598,45
5599,50
5600,54
5601,44
5602,57
5603,59
5604,80
5605,108
5606,132
5607,205
5608,226
5609,260
5610,276
5611,339
5612,364
5613,356
5614,301
5615,325
5616,376
5617,385
5618,331
5619,366
5620,388
5621,33
5622,35
5623,42
5624,50
5625,47
5626,52
5627,53
5628,57
5629,83
5630,94
5631,117
5632,150
5633,239
5634,276
5635,292
5636,316
5637,352
5638,376
5639,428
5640,469
5641,480
5642,536
5643,526
5644,534
5645,54
5646,60
5647,69
5648,70
5649,80
5650,79
5651,89
5652,91
5653,103
5654,119
5655,159
5656,194
5657,303
5658,335
5659,369
5660,390
5661,446
5662,530
5663,416
5664,375
5665,419
5666,454
5667,429
5668,501
5669,48
5670,53
5671,53
5672,55
5673,61
5674,59
5675,68
5676,68
5677,96
5678,120
5679,191
5680,259
5681,304
5682,331
5683,366
5684,438
5685,480
5686,545
5687,351
5688,275
5689,304
5690,350
5691,354
5692,402
5693,35
5694,46
5695,45
5696,49
5697,57
5698,51
5699,69
5700,63
5701,100
5702,133
5703,168
5704,198
5705,237
5706,279
5707,306
5708,324
5709,385
5710,449
5711,467
5712,446
5713,553
5714,510
5715,496
5716,465
5717,53
5718,54
5719,54
5720,53
5721,51
5722,65
5723,77
5724,85
5725,90
5726,133
5727,182
5728,223
5729,274
5730,314
5731,351
5732,405
5733,408
5734,428
5735,464
5736,471
5737,495
5738,425
5739,447
5740,510
5741,38
5742,37
5743,39
5744,52
5745,52
5746,51
5747,53
5748,73
5749,85
5750,106
5751,137
5752,229
5753,255
5754,376
5755,420
5756,462
5757,479
5758,520
5759,297
5760,378
5761,366
5762,347
5763,303
5764,332
5765,30
5766,39
5767,35
5768,46
5769,49
5770,56
5771,54
5772,68
5773,83
5774,99
5775,136
5776,206
5777,257
5778,286
5779,366
5780,412
5781,418
5782,470
5783,430
5784,448
5785,392
5786,380
5787,434
5788,432
5789,42
5790,49
5791,54
5792,50
5793,56
5794,56
5795,62
5796,64
5797,79
5798,95
5799,112
5800,152
5801,204
5802,252
5803,462
5804,412
5805,521
5806,418
5807,483
5808,473
5809,451
5810,501
5811,532
5812,489
5813,57
5814,52
5815,47
5816,44
5817,49
5818,55
5819,62
5820,68
5821,80
5822,90
5823,101
5824,111
5825,136
5826,146
5827,207
5828,265
5829,270
5830,299
5831,235
5832,258
5833,249
5834,276
5835,334
5836,375
5837,38
5838,36
5839,40
5840,45
5841,50
5842,54
5843,60
5844,66
5845,77
5846,85
5847,93
5848,126
5849,156
5850,182
5851,240
5852,276
5853,231
5854,239
5855,252
5856,254
5857,280
5858,335
5859,329
5860,372
5861,35
5862,39
5863,44
5864,49
5865,53
5866,65
5867,72
5868,77
5869,98
5870,108
5871,137
5872,178
5873,273
5874,350
5875,370
5876,279
5877,292
5878,322
5879,357
5880,323
5881,357
5882,395
5883,441
5884,538
5885,51
5886,52
5887,61
5888,73
5889,82
5890,89
5891,105
5892,116
5893,138
5894,156
5895,177
5896,200
5897,197
5898,213
5899,245
5900,260
5901,257
5902,242
5903,194
5904,206
5905,235
5906,289
5907,314
5908,308
5909,31
5910,92
5911,101
5912,102
5913,113
5914,124
5915,137
5916,302
5917,184
5918,191
5919,230
5920,254
5921,25
5922,27
5923,30
5924,34
5925,33
5926,41
5927,46
5928,46
5929,59
5930,71
5931,89
5932,106
5933,149
5934,193
5935,211
5936,219
5937,243
5938,241
5939,267
5940,334
5941,370
5942,409
5943,360
5944,404
5945,31
5946,38
5947,34
5948,42
5949,51
5950,55
5951,57
5952,58
5953,70
5954,81
5955,105
5956,119
5957,128
5958,166
5959,190
5960,227
5961,211
5962,203
5963,236
5964,236
5965,235
5966,274
5967,303
5968,273
5969,27
5970,29
5971,27
5972,30
5973,33
5974,37
5975,42
5976,45
5977,55
5978,71
5979,103
5980,155
5981,208
5982,253
5983,295
5984,303
5985,343
5986,324
5987,374
5988,371
5989,280
5990,373
5991,405
5992,365
5993,34
5994,36
5995,31
5996,34
5997,34
5998,42
5999,52
6000,49
6001,57
6002,83
6003,115
6004,181
6005,220
6006,266
6007,313
6008,347
6009,350
6010,364
6011,336
6012,215
6013,248
6014,317
6015,339
6016,319
6017,31
6018,27
6019,32
6020,38
6021,37
6022,39
6023,43
6024,48
6025,47
6026,67
6027,102
6028,156
6029,223
6030,257
6031,309
6032,308
6033,321
6034,364
6035,352
6036,392
6037,468
6038,500
6039,712
6040,693
6041,73
6042,61
6043,70
6044,67
6045,70
6046,77
6047,78
6048,93
6049,100
6050,115
6051,119
6052,147
6053,193
6054,216
6055,254
6056,260
6057,262
6058,263
6059,304
6060,318
6061,320
6062,353
6063,398
6064,432
6065,40
6066,47
6067,51
6068,58
6069,65
6070,66
6071,73
6072,76
6073,85
6074,99
6075,112
6076,143
6077,158
6078,172
6079,205
6080,230
6081,264
6082,269
6083,276
6084,328
6085,267
6086,363
6087,326
6088,307
6089,27
6090,29
6091,32
6092,36
6093,41
6094,44
6095,50
6096,61
6097,67
6098,91
6099,119
6100,196
6101,217
6102,240
6103,257
6104,292
6105,349
6106,363
6107,279
6108,287
6109,337
6110,372
6111,335
6112,342
6113,33
6114,35
6115,38
6116,42
6117,37
6118,42
6119,47
6120,51
6121,59
6122,68
6123,73
6124,70
6125,77
6126,84
6127,94
6128,127
6129,141
6130,160
6131,148
6132,191
6133,196
6134,190
6135,214
6136,241
6137,25
6138,29
6139,32
6140,38
6141,42
6142,47
6143,56
6144,70
6145,69
6146,95
6147,116
6148,140
6149,170
6150,186
6151,221
6152,277
6153,312
6154,321
6155,341
6156,357
6157,402
6158,405
6159,386
6160,403
6161,33
6162,33
6163,36
6164,35
6165,44
6166,51
6167,58
6168,59
6169,81
6170,89
6171,172
6172,178
6173,239
6174,213
6175,233
6176,272
6177,292
6178,268
6179,270
6180,304
6181,258
6182,269
6183,350
6184,28
6185,30
6186,32
6187,35
6188,38
6189,38
6190,38
6191,48
6192,52
6193,63
6194,91
6195,128
6196,168
6197,220
6198,239
6199,281
6200,286
6201,258
6202,231
6203,233
6204,258
6205,242
6206,268
6207,293
6208,40
6209,40
6210,44
6211,44
6212,49
6213,55
6214,65
6215,67
6216,74
6217,82
6218,96
6219,128
6220,156
6221,164
6222,193
6223,195
6224,225
6225,209
6226,215
6227,232
6228,239
6229,264
6230,251
6231,360
6232,38
6233,44
6234,47
6235,52
6236,64
6237,62
6238,93
6239,96
6240,106
6241,144
6242,168
6243,181
6244,205
6245,231
6246,258
6247,260
6248,294
6249,232
6250,254
6251,355
6252,421
6253,449
6254,458
6255,518
6256,58
6257,62
6258,70
6259,71
6260,79
6261,89
6262,104
6263,115
6264,132
6265,132
6266,143
6267,188
6268,247
6269,272
6270,302
6271,352
6272,341
6273,338
6274,345
6275,347
6276,382
6277,395
6278,437
6279,483
6280,50
6281,56
6282,56
6283,61
6284,72
6285,78
6286,65
6287,72
6288,70
6289,102
6290,108
6291,143
6292,208
6293,250
6294,320
6295,340
6296,383
6297,330
6298,370
6299,429
6300,319
6301,317
6302,397
6303,448
6304,34
6305,37
6306,37
6307,41
6308,43
6309,55
6310,67
6311,77
6312,90
6313,105
6314,121
6315,151
6316,105
6317,106
6318,116
6319,128
6320,131
6321,146
6322,161
6323,176
6324,197
6325,227
6326,247
6327,24
6328,30
6329,33
6330,40
6331,39
6332,43
6333,48
6334,62
6335,65
6336,89
6337,112
6338,126
6339,257
6340,288
6341,265
6342,289
6343,270
6344,262
6345,287
6346,324
6347,342
6348,358
6349,412
6350,39
6351,40
6352,45
6353,45
6354,50
6355,55
6356,60
6357,49
6358,55
6359,60
6360,66
6361,75
6362,84
6363,92
6364,94
6365,122
6366,135
6367,137
6368,158
6369,196
6370,209
6371,244
6372,220
6373,269
6374,26
6375,26
6376,32
6377,35
6378,39
6379,52
6380,64
6381,68
6382,85
6383,103
6384,126
6385,138
6386,183
6387,203
6388,181
6389,195
6390,230
6391,254
6392,240
6393,264
6394,297
6395,324
6396,352
6397,396
6398,39
6399,43
6400,48
6401,53
6402,59
6403,65
6404,67
6405,73
6406,87
6407,95
6408,117
6409,145
6410,173
6411,191
6412,212
6413,231
6414,262
6415,218
6416,241
6417,243
6418,276
6419,278
6420,312
6421,371
6422,35
6423,37
6424,43
6425,44
6426,50
6427,56
6428,67
6429,75
6430,68
6431,75
6432,85
6433,77
6434,75
6435,83
6436,116
6437,125
6438,176
6439,181
6440,237
6441,301
6442,393
6443,424
6444,436
6445,418
6446,44
6447,53
6448,58
6449,65
6450,72
6451,87
6452,88
6453,94
6454,111
6455,124
6456,172
6457,185
6458,233
6459,280
6460,300
6461,299
6462,331
6463,330
6464,330
6465,356
6466,383
6467,388
6468,398
6469,471
6470,38
6471,42
6472,42
6473,47
6474,43
6475,52
6476,59
6477,66
6478,64
6479,84
6480,88
6481,117
6482,138
6483,191
6484,219
6485,242
6486,246
6487,278
6488,304
6489,277
6490,307
6491,343
6492,410
6493,398
